{
  "project_info": {
    "project_number": "1085258909192",
    "project_id": "auth-301bd",
    "storage_bucket": "auth-301bd.appspot.com"
  },
  "client": [
    {
      "client_info": {
        "mobilesdk_app_id": "1:1085258909192:android:71ffb4a2feed02576f73bd",
        "android_client_info": {
          "package_name": "com.example.mealer"
        }
      },
      "oauth_client": [
        {
          "client_id": "1085258909192-lhkdac2t2hck3bpbbl89v61ib6129pvn.apps.googleusercontent.com",
          "client_type": 3
        }
      ],
      "api_key": [
        {
          "current_key": "AIzaSyAtelzECaoNrRbaYxwvQpr5dv8HjFN6TBE"
        }
      ],
      "services": {
        "appinvite_service": {
          "other_platform_oauth_client": [
            {
              "client_id": "1085258909192-lhkdac2t2hck3bpbbl89v61ib6129pvn.apps.googleusercontent.com",
              "client_type": 3
            }
          ]
        }
      }
    }
  ],
  "configuration_version": "1"
}